,ONTOLOGY,ID,Description,GeneRatio,BgRatio,RichFactor,FoldEnrichment,zScore,pvalue,p.adjust,qvalue,geneID,Count
GO:0034655,BP,GO:0034655,nucleobase-containing compound catabolic process,81/1423,481/13600,0.168399168399168,1.60943688701946,4.65196772570323,9.29372006305432e-06,0.00408613892105621,0.00366449751609028,NT5C2/PFKFB3/ZSWIM8/CPEB3/PGAM1/NEAT1/RNASEH2C/NUDT8/PFKM/GAPDH/CNOT2/APAF1/PAN3/DICER1/IREB2/TNRC6A/FTO/CNOT1/NUDT7/CBFA2T3/NT5M/SARM1/GIT1/CASC3/ERN1/DDX5/AXIN2/NT5C/PDE4A/DNASE2/DDX49/NUDT19/CNOT3/KHSRP/INSR/RC3H1/HNRNPU/PUM1/AGO4/AGO1/THRAP3/PABPC4/TUT4/DPYD/UPB1/EIF4ENIF1/EP300/PPARA/PUM2/GIGYF2/HDAC4/LRPPRC/PNPT1/VPS54/HK2/ARID5A/ZBTB20/MBD4/DHX36/DCP1A/EXOSC9/GRSF1/DCP2/PPP2CA/HNRNPA0/MGAT1/HBS1L/QKI/RNASET2/TENT5A/SND1/ZC3HAV1/PRKAG2/LSM5/ZHX2/AGO2/SLC2A6/ZCCHC7/UPF3B/HPRT1/XIST,81
GO:0007264,BP,GO:0007264,small GTPase-mediated signal transduction,79/1423,451/13600,0.175166297117517,1.67411218608449,4.97691095083518,2.64439625448295e-06,0.00236248381822702,0.00211870331649385,GBF1/RAB18/HRAS/PICALM/RAB35/FGD4/LRRK2/RASA3/SPATA13/SIPA1L1/RASGRP1/USP8/DENND4A/MYO9A/AKAP13/TSC2/ABR/KSR1/RAP1GAP2/GIT1/NF1/GNA13/GRB2/CYTH1/NTN1/ARHGAP45/DOCK6/MYO9B/GMIP/ARHGEF1/NUCB1/RRAS/RAP1A/NRAS/NOTCH2/ABL2/SRGAP2/RAB4A/BCAR3/RIN2/RALGAPA2/CRKL/BCR/GRAP2/ARHGAP15/CDC42EP3/RTN4/ARHGAP25/RASA2/PLD1/NKIRAS1/G3BP2/RAPGEF6/FAM13B/TRIO/ARHGAP26/DOCK2/F2R/TAGAP/RIPOR2/MET/CHN2/ELMO1/RAC1/AUTS2/KRIT1/DLC1/DENND3/ARFGEF1/PRAG1/ABCA1/MAPKAP1/RAPGEF1/VAV2/CDKN2A/DOCK8/KANK1/FGD3/RAB9A,79
GO:1903131,BP,GO:1903131,mononuclear cell differentiation,78/1423,493/13600,0.158215010141988,1.51210410255168,3.95927665219127,0.000120072034984205,0.0218448295371265,0.0195907004447914,ZEB1/IL15RA/ZMIZ1/ZBTB16/ASCL2/PTPRJ/IRF7/ITFG2/RNF41/TBK1/CLEC4E/MIR17HG/RASGRP1/FES/IL4R/PLCG2/IKZF3/RARA/STAT5B/HDAC5/MALT1/BCL2/NFATC1/JAK3/AP3D1/TGFB1/NOTCH2/IFI16/RC3H1/PTPRC/CD46/DUSP10/ARID1A/CTNNBIP1/ZBTB46/RUNX1/TRPM2/EP300/NCAPH2/STAT4/CFLAR/HDAC4/MSH2/VPS54/ADAM17/HCLS1/CD86/PPARG/GATA2/PLCL2/OPA1/AZI2/SMARCC1/FOXP1/TMEM131L/SH3RF1/CSF1R/DOCK2/IL6ST/PIK3R1/AP3B1/PRDM1/MYB/CD83/ARID1B/QKI/IRF4/SRF/IKZF1/CDK6/PRKDC/LYN/RIPK2/LRRC8A/SMARCA2/CDKN2A/SHB/VPS13A,78
GO:0051249,BP,GO:0051249,regulation of lymphocyte activation,75/1423,473/13600,0.158562367864693,1.51542389526341,3.90030132379113,0.000150447057370623,0.023345843373159,0.0209368273337755,MAP3K8/ZEB1/IL15RA/ZMIZ1/ZBTB16/ASCL2/TBC1D10C/LRRC32/SLC15A4/RNF41/PIBF1/MIR17HG/RASGRP1/IL4R/NOD2/SUPT6H/IKZF3/RARA/STAT5B/PRKAR1A/MALT1/BCL2/JAK3/AP3D1/TGFB1/TNFAIP8L2/ILDR2/RC3H1/ABL2/PTPRC/CD55/CD46/DUSP10/ARID1A/MPL/BCL10/GLMN/ZNF335/NFATC2/RUNX1/RHBDD3/EP300/SLC39A10/HSPD1/MSH2/CBLB/CD47/CD86/OPA1/TFRC/SMARCC1/PPP3CA/TMEM131L/CD38/SH3RF1/NSD2/IL6ST/AP3B1/MEF2C/PRDM1/FYN/CD83/ARID1B/RIPOR2/IRF4/AKIRIN2/YWHAG/PRKDC/LYN/RIPK2/SMARCA2/CDKN2A/DOCK8/SHB/JAK2,75
GO:0060627,BP,GO:0060627,regulation of vesicle-mediated transport,74/1423,455/13600,0.162637362637363,1.55436973427135,4.11159850080187,7.32782357493797e-05,0.0159750635651822,0.0143266251796604,INPP5F/CAMK1D/IL15RA/RUFY2/ATAD1/PTPRJ/GAB2/CD151/PICALM/MTMR2/C2CD5/LRRK2/CD63/MDM2/SCFD1/NUMB/STON2/RIN3/MAP2K1/FES/TSC2/PRKCB/IL4R/STX1B/NOD2/ZNRF1/PLCG2/USP7/GIT1/SNF8/RABEP1/TGFB1/SPHK2/NR1H2/INSR/STXBP3/RAP1A/ABL2/PTPRC/LYPLAL1/RAB4A/CNST/RNF220/PTPN1/ATP9A/MAPK1/BCR/NF2/WDR54/CBLB/CD47/ATG3/GATA2/RAB7A/ATP2C1/P2RY1/PLD1/TBC1D5/DYNC1LI1/CLASP2/PTPN23/GNAI2/HYAL3/PPP3CA/DOCK2/WDR41/MCTP1/SYNE1/SNX9/RAC1/ANGPT1/ZDHHC2/LYN/RAB9A,74
GO:0002757,BP,GO:0002757,immune response-activating signaling pathway,74/1423,485/13600,0.152577319587629,1.45822315277003,3.51276854211636,0.000537018249270173,0.0428396167661097,0.0384190729347718,PIK3AP1/NLRX1/PTPRJ/HRAS/IRF7/FOSL1/BANF1/SLC15A4/CACNB3/USP15/TBK1/WNK1/CLEC4E/LATS2/ELF1/NFKBIA/PRKCH/PRKCB/NOD2/ZNRF1/PLCG2/SARM1/NR1D1/NLRP1/GRB2/SLC39A6/EPG5/MALT1/BCL2/SIRT2/PTPRS/IFI16/RC3H1/NEK7/PTPRC/INAVA/LYPLAL1/PUM1/KHDRBS1/BCL10/NFATC2/CRKL/MAPK1/EP300/SLC39A10/HSPD1/PUM2/RTN4/IRAK2/CBLB/CD47/PLCL2/EIF2B5/FOXP1/CD38/TEC/PJA2/PPP2CA/ERBIN/PIK3R1/AP3B1/MEF2C/FYN/LATS1/BTN3A3/IRF4/ZC3HAV1/MYO1G/PRKDC/LYN/RIPK2/VAV2/SHB/NR4A3,74
GO:0043434,BP,GO:0043434,response to peptide hormone,73/1423,398/13600,0.183417085427136,1.75296722544557,5.21174944390197,1.11962995360531e-06,0.00195526389441133,0.00175350369206714,ECHDC3/PTPRE/PDE3B/PIK3C2A/TRIM44/PTPRJ/HRAS/PXN/CDKN1B/C2CD5/ADCY6/NR4A1/MDM2/ATP2B1/FOXO1/SELENOS/MYO5A/TCF12/IGF1R/TSC2/PRKCB/SREBF1/STAT5B/HDAC5/STXBP4/PRKAR1A/GRB2/LPIN2/JAK3/TGFB1/INSR/STXBP3/WDTC1/SLC2A1/BCAR3/PTPN1/COMT/MAPK1/RANGAP1/PPARA/LPIN1/STAT4/CFLAR/NCOA1/CAD/PNPT1/GSK3B/PPARG/PRKCI/EIF2B5/EPHB3/SCAP/SMARCC1/GNAI2/PPP3CA/APC/CSF1R/PIK3R1/ARID1B/GCLC/MET/INSIG1/GRB10/YWHAG/FGFR1/PRKDC/LYN/NCOA2/MAPKAP1/SLC27A4/JAK2/KANK1/NR4A3,73
GO:0031667,BP,GO:0031667,response to nutrient levels,71/1423,415/13600,0.171084337349398,1.63509978071104,4.49171019667375,1.92308429048231e-05,0.00666389684175181,0.00597626118344726,YME1L1/ZEB1/IL15RA/MCU/ITFG2/LRRK2/MDM2/APAF1/FOXO1/STK24/PRKCH/ATXN3/FES/IGF1R/CLEC16A/TSC2/PRKCB/TNRC6A/NOD2/MAP1LC3B/SREBF1/RARA/SRSF2/BCL2/SIRT2/PAK4/TGFB1/MTHFR/IFI16/RASAL2/XPR1/SLC2A1/BCL10/AGL/NCOA3/PTPN1/COMT/MAPK1/GAS2L1/MTMR3/EP300/SREBF2/PPARA/KYNU/ZEB2/NCOA1/DNMT3A/CAD/MAT2A/PPARG/PIK3R4/PLD1/TBC1D5/TBL1XR1/TFRC/SCAP/GNAI2/RICTOR/ARSB/SRF/GCLC/PRKAG2/VPS41/YWHAG/YWHAZ/PLEC/WRN/ABCA1/MAPKAP1/SLC27A4/RXRA,71
GO:1903706,BP,GO:1903706,regulation of hemopoiesis,69/1423,381/13600,0.181102362204724,1.73084478284206,4.94622788536555,3.48945257275627e-06,0.00236248381822702,0.00211870331649385,ZEB1/IL15RA/KAT6B/ZMIZ1/ZBTB16/UBASH3B/ASCL2/IRF7/RARG/RNF41/MIR17HG/RCOR1/NFKBIA/RASGRP1/FES/IL4R/NF1/IKZF3/RARA/STAT5B/MALT1/JAK3/AP3D1/TGFB1/FSTL3/NOTCH2/RC3H1/PTPRC/CD46/DUSP10/GPR137B/ARID1A/PRDM16/MPL/CTNNBIP1/ZBTB46/RUNX1/EP300/MEIS1/HCLS1/CD86/GATA2/OPA1/SMARCC1/FOXP1/PPP3CA/TMEM131L/SH3RF1/HSPA9/FAXDC2/PIK3R1/AP3B1/MEF2C/PRDM1/MYB/CD83/ARID1B/QKI/IRF4/CDK6/KAT6A/PRKDC/LYN/RIPK2/TMEM64/SMARCA2/CDKN2A/SHB/TFE3,69
GO:0010562,BP,GO:0010562,positive regulation of phosphorus metabolic process,68/1423,426/13600,0.15962441314554,1.52557415233966,3.76760836486045,0.000248076620262535,0.0282004862350802,0.0252905282364402,ABI1/CCNY/PTPRJ/HRAS/TAOK3/CDK2AP1/ZNF268/LRRK2/CCND2/TBK1/WDFY2/PIBF1/CALM1/LRRK1/RASGRP1/MAP2K1/SLCO3A1/NOD2/PLCG2/STRADA/ERN1/AXIN2/CSNK1D/S1PR2/TGFB1/PIH1D1/INSR/RAP1A/NIBAN1/PTPRC/CAPN2/BCL10/GLMN/PTPN1/CRKL/MAPK1/PPARA/XRCC5/CAB39/ADAM17/ZBTB20/HCLS1/P2RY1/DVL3/MAP3K13/TFRC/FNIP2/PPP2CA/CSF1R/FAXDC2/RICTOR/MEF2C/TAB2/LATS1/SNX9/KCTD20/CCND3/PRKAG2/BRAT1/GRB10/RAC1/ANGPT1/FGFR1/LYN/RIPK2/NBN/JAK2/ARAF,68
GO:0045937,BP,GO:0045937,positive regulation of phosphate metabolic process,68/1423,426/13600,0.15962441314554,1.52557415233966,3.76760836486045,0.000248076620262535,0.0282004862350802,0.0252905282364402,ABI1/CCNY/PTPRJ/HRAS/TAOK3/CDK2AP1/ZNF268/LRRK2/CCND2/TBK1/WDFY2/PIBF1/CALM1/LRRK1/RASGRP1/MAP2K1/SLCO3A1/NOD2/PLCG2/STRADA/ERN1/AXIN2/CSNK1D/S1PR2/TGFB1/PIH1D1/INSR/RAP1A/NIBAN1/PTPRC/CAPN2/BCL10/GLMN/PTPN1/CRKL/MAPK1/PPARA/XRCC5/CAB39/ADAM17/ZBTB20/HCLS1/P2RY1/DVL3/MAP3K13/TFRC/FNIP2/PPP2CA/CSF1R/FAXDC2/RICTOR/MEF2C/TAB2/LATS1/SNX9/KCTD20/CCND3/PRKAG2/BRAT1/GRB10/RAC1/ANGPT1/FGFR1/LYN/RIPK2/NBN/JAK2/ARAF,68
GO:0030099,BP,GO:0030099,myeloid cell differentiation,67/1423,401/13600,0.167082294264339,1.59685116092411,4.14718585637667,6.95613276140542e-05,0.0159750635651822,0.0143266251796604,ABI1/ZBTB16/UBASH3B/PTPRJ/IRF7/GAB2/RARG/RNF41/RCOR1/NFKBIA/LRRK1/PML/IREB2/FES/KAT8/HEATR3/CBFA2T3/NF1/THRA/RARA/STAT5B/SBNO2/DNASE2/TGFB1/FSTL3/NOTCH2/IFI16/GPR137B/TRIM58/PRDM16/PABPC4/MPL/CTNNBIP1/ZBTB46/RUNX1/EP300/CFLAR/VPS54/MEIS1/HCLS1/PPARG/GATA2/IFT80/TFRC/FOXP1/PPP3CA/HSPA9/CSF1R/FAXDC2/PIK3R1/AP3B1/MEF2C/MYB/QKI/IRF4/SRF/CD109/HIPK2/IKZF1/CDK6/KAT6A/PRKDC/LYN/TMEM64/JAK2/VPS13A/TFE3,67
GO:0042327,BP,GO:0042327,positive regulation of phosphorylation,64/1423,385/13600,0.166233766233766,1.58874154657711,4.00596591095558,0.000116751456492182,0.0218448295371265,0.0195907004447914,ABI1/CCNY/PTPRJ/HRAS/TAOK3/CDK2AP1/ZNF268/LRRK2/CCND2/TBK1/WDFY2/PIBF1/CALM1/LRRK1/RASGRP1/MAP2K1/SLCO3A1/NOD2/PLCG2/STRADA/ERN1/AXIN2/CSNK1D/S1PR2/TGFB1/PIH1D1/INSR/RAP1A/NIBAN1/PTPRC/BCL10/GLMN/PTPN1/CRKL/MAPK1/XRCC5/CAB39/ADAM17/HCLS1/P2RY1/DVL3/MAP3K13/TFRC/FNIP2/PPP2CA/CSF1R/FAXDC2/RICTOR/TAB2/LATS1/SNX9/KCTD20/CCND3/PRKAG2/BRAT1/GRB10/RAC1/ANGPT1/FGFR1/LYN/RIPK2/NBN/JAK2/ARAF,64
GO:0030522,BP,GO:0030522,intracellular receptor signaling pathway,63/1423,346/13600,0.182080924855491,1.74019717360132,4.76757762194515,7.70659422613243e-06,0.00369636283064315,0.00331494172693447,CTBP2/ZMIZ1/PIK3AP1/NLRX1/IRF7/BANF1/SLC15A4/NR4A1/RARG/USP15/TBK1/CNOT2/NR2C1/LATS2/STRN3/NFKBIA/UBE3A/PML/NOD2/CNOT1/PLCG2/SREBF1/THRA/NR1D1/RARA/NLRP1/DDX5/PER1/EPG5/PIAS2/SIRT2/NR1H2/PTPRS/DHRS3/IFI16/NEK7/INAVA/LYPLAL1/PUM1/NCOA3/PMEPA1/CRKL/MAPK1/EP300/PPARA/PUM2/NCOA1/RTN4/PPARG/FOXP1/PPP2CA/ERBIN/LATS1/ZC3HAV1/PRKDC/NCOA2/RIPK2/RXRA/DNAJA1/JAK2/KDM4C/NR4A3/PDK3,63
GO:0051338,BP,GO:0051338,regulation of transferase activity,63/1423,406/13600,0.155172413793103,1.4830251775026,3.37777198683892,0.000876802309811567,0.0490127648884771,0.043955224886019,ABI1/CCNY/PTEN/PTPRJ/HRAS/BANF1/UVRAG/TAOK3/CDKN1B/LRRK2/CCND2/CCNT1/LATS2/RFC3/PIBF1/PRKCH/CALM1/SPRED1/RASGRP1/MAP2K1/UBE2I/TSC2/NLRC5/CHTF18/KSR1/STRADA/ERN1/CDC37/PIH1D1/INSR/RAP1A/PTPRC/DUSP10/HNRNPU/PTPN1/ADARB1/CCNT2/MYCNOS/XRCC5/CAB39/SLC8A1/ADAM17/GSK3B/MAP3K13/CDC25A/APC/PPP2CA/CSF1R/TAB2/LATS1/FBXO5/SNX9/CCND3/PRKAG2/YWHAG/ANGPT1/FGFR1/LYN/NBN/CDKN2A/DNAJA1/JAK2/GNAQ,63
GO:0071375,BP,GO:0071375,cellular response to peptide hormone stimulus,61/1423,296/13600,0.206081081081081,1.96957322747906,5.76528971656713,1.46489361376211e-07,0.000772877870620888,0.000693125978301123,ECHDC3/PTPRE/PDE3B/PIK3C2A/PTPRJ/HRAS/PXN/C2CD5/ADCY6/NR4A1/MDM2/ATP2B1/FOXO1/SELENOS/MYO5A/IGF1R/TSC2/PRKCB/SREBF1/STAT5B/HDAC5/STXBP4/PRKAR1A/GRB2/LPIN2/JAK3/TGFB1/INSR/WDTC1/BCAR3/PTPN1/MAPK1/RANGAP1/LPIN1/CFLAR/NCOA1/GSK3B/PPARG/PRKCI/EPHB3/SMARCC1/GNAI2/PPP3CA/APC/CSF1R/PIK3R1/ARID1B/GCLC/MET/INSIG1/GRB10/YWHAG/FGFR1/PRKDC/LYN/NCOA2/MAPKAP1/SLC27A4/JAK2/KANK1/NR4A3,61
GO:0001934,BP,GO:0001934,positive regulation of protein phosphorylation,60/1423,365/13600,0.164383561643836,1.57105863552787,3.7805148352129,0.000256562422153876,0.0282004862350802,0.0252905282364402,ABI1/CCNY/PTPRJ/HRAS/TAOK3/CDK2AP1/ZNF268/LRRK2/CCND2/TBK1/WDFY2/PIBF1/CALM1/LRRK1/RASGRP1/MAP2K1/SLCO3A1/NOD2/PLCG2/STRADA/ERN1/AXIN2/CSNK1D/S1PR2/TGFB1/PIH1D1/INSR/RAP1A/NIBAN1/PTPRC/PTPN1/CRKL/MAPK1/XRCC5/CAB39/ADAM17/HCLS1/P2RY1/DVL3/MAP3K13/TFRC/FNIP2/PPP2CA/CSF1R/FAXDC2/RICTOR/TAB2/LATS1/SNX9/CCND3/PRKAG2/BRAT1/RAC1/ANGPT1/FGFR1/LYN/RIPK2/NBN/JAK2/ARAF,60
GO:0007159,BP,GO:0007159,leukocyte cell-cell adhesion,60/1423,380/13600,0.157894736842105,1.50904316307283,3.44045960813447,0.00074285999923351,0.045593959568289,0.0408892000038823,MAP3K8/ZMIZ1/ZBTB16/ASCL2/LRRC32/FUT4/WNK1/RASGRP1/IL4R/ITGAL/NOD2/NFAT5/RARA/STAT5B/PRKAR1A/MALT1/JAK3/AP3D1/TGFB1/TNFAIP8L2/ILDR2/RC3H1/ABL2/PTPRC/CD55/CD46/DUSP10/ARID1A/BCL10/GLMN/RUNX1/EP300/PPARA/HSPD1/ADD2/CBLB/CD47/CD86/OPA1/TFRC/SMARCC1/PPP3CA/TMEM131L/STK10/GOLPH3/IL6ST/AP3B1/FYN/CD83/ARID1B/RIPOR2/YWHAG/LYN/RIPK2/SMARCA2/CDKN2A/DOCK8/SHB/JAK2/NR4A3,60
GO:1902105,BP,GO:1902105,regulation of leukocyte differentiation,58/1423,305/13600,0.19016393442623,1.8174487056899,4.9357373744964,4.47779343864105e-06,0.00236248381822702,0.00211870331649385,ZEB1/IL15RA/ZMIZ1/ZBTB16/UBASH3B/ASCL2/IRF7/RNF41/MIR17HG/RASGRP1/FES/IL4R/NF1/IKZF3/RARA/STAT5B/MALT1/JAK3/AP3D1/TGFB1/FSTL3/NOTCH2/RC3H1/PTPRC/CD46/DUSP10/GPR137B/ARID1A/PRDM16/CTNNBIP1/ZBTB46/RUNX1/EP300/HCLS1/CD86/GATA2/OPA1/SMARCC1/FOXP1/PPP3CA/TMEM131L/SH3RF1/PIK3R1/AP3B1/PRDM1/CD83/ARID1B/QKI/IRF4/CDK6/PRKDC/LYN/RIPK2/TMEM64/SMARCA2/CDKN2A/SHB/TFE3,58
GO:0043549,BP,GO:0043549,regulation of kinase activity,57/1423,349/13600,0.163323782234957,1.56093003400943,3.6289657098714,0.000427800018351943,0.0382554728275399,0.0343079586528454,ABI1/CCNY/PTEN/PTPRJ/HRAS/UVRAG/TAOK3/CDKN1B/LRRK2/CCND2/CCNT1/LATS2/PIBF1/PRKCH/CALM1/SPRED1/RASGRP1/MAP2K1/TSC2/NLRC5/KSR1/STRADA/ERN1/CDC37/PIH1D1/INSR/RAP1A/PTPRC/DUSP10/HNRNPU/PTPN1/ADARB1/CCNT2/MYCNOS/XRCC5/CAB39/SLC8A1/ADAM17/MAP3K13/CDC25A/APC/PPP2CA/CSF1R/TAB2/LATS1/SNX9/CCND3/PRKAG2/YWHAG/ANGPT1/FGFR1/LYN/NBN/CDKN2A/DNAJA1/JAK2/GNAQ,57
GO:1903037,BP,GO:1903037,regulation of leukocyte cell-cell adhesion,56/1423,349/13600,0.160458452722063,1.53354529657067,3.45179874231083,0.0007431919110828,0.045593959568289,0.0408892000038823,MAP3K8/ZMIZ1/ZBTB16/ASCL2/LRRC32/FUT4/WNK1/RASGRP1/IL4R/NOD2/NFAT5/RARA/STAT5B/PRKAR1A/MALT1/JAK3/AP3D1/TGFB1/TNFAIP8L2/ILDR2/RC3H1/ABL2/PTPRC/CD55/CD46/DUSP10/ARID1A/BCL10/GLMN/RUNX1/EP300/PPARA/HSPD1/CBLB/CD47/CD86/OPA1/TFRC/SMARCC1/PPP3CA/TMEM131L/IL6ST/AP3B1/FYN/CD83/ARID1B/RIPOR2/YWHAG/LYN/RIPK2/SMARCA2/CDKN2A/DOCK8/SHB/JAK2/NR4A3,56
GO:0006913,BP,GO:0006913,nucleocytoplasmic transport,55/1423,309/13600,0.177993527508091,1.70113279979623,4.26173537053167,5.48588732103666e-05,0.0159750635651822,0.0143266251796604,FAM53B/NUP98/NUP160/NEAT1/CDKN1B/LRRK2/SARNP/MDM2/WNK1/PPP1R12A/ING1/NUP58/NFKBIA/PML/UBE2I/TSC2/HEATR3/SUPT6H/NF1/CASC3/STRADA/THOC1/MALT1/TNPO2/TGFB1/IPO9/PTPN14/AHCTF1/KHDRBS1/EIF4ENIF1/EP300/RANGAP1/POLDIP3/RANBP2/AGFG1/XPO1/CBLB/GSK3B/HCLS1/NMD3/SETD2/PPP3CA/HSPA9/PIK3R1/NUP43/ATXN1/NUP153/AKIRIN2/BACH2/HNRNPA2B1/ANGPT1/XPO7/CDKN2A/JAK2/THOC2,55
GO:0051169,BP,GO:0051169,nuclear transport,55/1423,309/13600,0.177993527508091,1.70113279979623,4.26173537053167,5.48588732103666e-05,0.0159750635651822,0.0143266251796604,FAM53B/NUP98/NUP160/NEAT1/CDKN1B/LRRK2/SARNP/MDM2/WNK1/PPP1R12A/ING1/NUP58/NFKBIA/PML/UBE2I/TSC2/HEATR3/SUPT6H/NF1/CASC3/STRADA/THOC1/MALT1/TNPO2/TGFB1/IPO9/PTPN14/AHCTF1/KHDRBS1/EIF4ENIF1/EP300/RANGAP1/POLDIP3/RANBP2/AGFG1/XPO1/CBLB/GSK3B/HCLS1/NMD3/SETD2/PPP3CA/HSPA9/PIK3R1/NUP43/ATXN1/NUP153/AKIRIN2/BACH2/HNRNPA2B1/ANGPT1/XPO7/CDKN2A/JAK2/THOC2,55
GO:0002696,BP,GO:0002696,positive regulation of leukocyte activation,54/1423,333/13600,0.162162162162162,1.54982811342615,3.47254976418957,0.000711544594909168,0.044734803572446,0.0401186987865897,MAP3K8/IL15RA/ZMIZ1/ZBTB16/LRRK2/RASGRP1/IL4R/NOD2/RARA/STAT5B/MALT1/BCL2/AP3D1/TGFB1/SPHK2/ABL2/PTPRC/CD55/CD46/DUSP10/ARID1A/MPL/BCL10/ZNF335/NFATC2/RUNX1/EP300/SLC39A10/HSPD1/MSH2/CD47/CD86/OPA1/TFRC/SMARCC1/PPP3CA/CD38/NSD2/IL6ST/AP3B1/MEF2C/FYN/CD83/ARID1B/AKIRIN2/YWHAG/PRKDC/LYN/RIPK2/SMARCA2/DOCK8/SHB/JAK2/NR4A3,54
GO:0032868,BP,GO:0032868,response to insulin,53/1423,270/13600,0.196296296296296,1.87605736446214,4.97032899137187,4.40323887064162e-06,0.00236248381822702,0.00211870331649385,ECHDC3/PTPRE/PDE3B/PIK3C2A/PTPRJ/HRAS/C2CD5/ATP2B1/FOXO1/SELENOS/MYO5A/IGF1R/TSC2/PRKCB/SREBF1/HDAC5/STXBP4/GRB2/LPIN2/INSR/STXBP3/WDTC1/SLC2A1/BCAR3/PTPN1/MAPK1/PPARA/LPIN1/CFLAR/NCOA1/CAD/GSK3B/PPARG/PRKCI/EPHB3/SCAP/SMARCC1/GNAI2/APC/CSF1R/PIK3R1/GCLC/MET/INSIG1/GRB10/YWHAG/FGFR1/PRKDC/LYN/NCOA2/MAPKAP1/SLC27A4/KANK1,53
GO:0051056,BP,GO:0051056,regulation of small GTPase mediated signal transduction,53/1423,279/13600,0.189964157706093,1.81553938496336,4.70505181732333,1.17921829454055e-05,0.00444396837285424,0.0039854031834284,GBF1/PICALM/FGD4/RASA3/SPATA13/SIPA1L1/RASGRP1/DENND4A/MYO9A/AKAP13/TSC2/ABR/RAP1GAP2/GIT1/NF1/GNA13/CYTH1/ARHGAP45/DOCK6/MYO9B/GMIP/ARHGEF1/NOTCH2/ABL2/SRGAP2/RALGAPA2/CRKL/BCR/ARHGAP15/RTN4/ARHGAP25/RASA2/FAM13B/TRIO/ARHGAP26/DOCK2/F2R/TAGAP/RIPOR2/MET/CHN2/RAC1/AUTS2/DLC1/DENND3/ARFGEF1/PRAG1/ABCA1/MAPKAP1/VAV2/DOCK8/KANK1/FGD3,53
GO:0141188,BP,GO:0141188,nucleic acid catabolic process,53/1423,312/13600,0.169871794871795,1.62351118078455,3.8087065854726,0.000253885775204576,0.0282004862350802,0.0252905282364402,ZSWIM8/CPEB3/NEAT1/RNASEH2C/CNOT2/APAF1/PAN3/DICER1/IREB2/TNRC6A/FTO/CNOT1/CASC3/ERN1/DDX5/AXIN2/DNASE2/DDX49/CNOT3/KHSRP/RC3H1/HNRNPU/PUM1/AGO4/AGO1/THRAP3/PABPC4/TUT4/EIF4ENIF1/PUM2/GIGYF2/LRPPRC/PNPT1/VPS54/ARID5A/DHX36/DCP1A/EXOSC9/GRSF1/DCP2/HNRNPA0/HBS1L/QKI/RNASET2/TENT5A/SND1/ZC3HAV1/LSM5/ZHX2/AGO2/ZCCHC7/UPF3B/XIST,53
GO:0045859,BP,GO:0045859,regulation of protein kinase activity,53/1423,323/13600,0.164086687306502,1.56822132633058,3.53308915728665,0.000598638278059649,0.0447282020853766,0.0401127784952252,ABI1/CCNY/PTEN/PTPRJ/HRAS/UVRAG/TAOK3/CDKN1B/LRRK2/CCND2/CCNT1/LATS2/PIBF1/PRKCH/CALM1/SPRED1/RASGRP1/MAP2K1/TSC2/KSR1/STRADA/ERN1/CDC37/PIH1D1/INSR/RAP1A/PTPRC/DUSP10/PTPN1/ADARB1/CCNT2/XRCC5/CAB39/SLC8A1/ADAM17/MAP3K13/CDC25A/APC/PPP2CA/CSF1R/TAB2/LATS1/SNX9/CCND3/PRKAG2/YWHAG/ANGPT1/FGFR1/LYN/CDKN2A/DNAJA1/JAK2/GNAQ,53
GO:0051251,BP,GO:0051251,positive regulation of lymphocyte activation,51/1423,308/13600,0.165584415584416,1.58253552491079,3.53499163996929,0.000608151149409941,0.0447282020853766,0.0401127784952252,MAP3K8/IL15RA/ZMIZ1/ZBTB16/RASGRP1/IL4R/NOD2/RARA/STAT5B/MALT1/BCL2/AP3D1/TGFB1/ABL2/PTPRC/CD55/CD46/DUSP10/ARID1A/MPL/BCL10/ZNF335/NFATC2/RUNX1/EP300/SLC39A10/HSPD1/MSH2/CD47/CD86/OPA1/TFRC/SMARCC1/PPP3CA/CD38/NSD2/IL6ST/AP3B1/MEF2C/FYN/CD83/ARID1B/AKIRIN2/YWHAG/PRKDC/LYN/RIPK2/SMARCA2/DOCK8/SHB/JAK2,51
GO:0006401,BP,GO:0006401,RNA catabolic process,50/1423,288/13600,0.173611111111111,1.65924884828609,3.86553627440263,0.000220436935810253,0.0278575837056506,0.0249830092089102,ZSWIM8/CPEB3/NEAT1/RNASEH2C/CNOT2/PAN3/DICER1/IREB2/TNRC6A/FTO/CNOT1/CASC3/ERN1/DDX5/AXIN2/DDX49/CNOT3/KHSRP/RC3H1/HNRNPU/PUM1/AGO4/AGO1/THRAP3/PABPC4/TUT4/EIF4ENIF1/PUM2/GIGYF2/LRPPRC/PNPT1/ARID5A/DHX36/DCP1A/EXOSC9/GRSF1/DCP2/HNRNPA0/HBS1L/QKI/RNASET2/TENT5A/SND1/ZC3HAV1/LSM5/ZHX2/AGO2/ZCCHC7/UPF3B/XIST,50
GO:0048193,BP,GO:0048193,Golgi vesicle transport,49/1423,287/13600,0.170731707317073,1.63172959909501,3.69760054465486,0.000378886787663213,0.035070292837037,0.0314514517183036,GBF1/ARFGAP2/UVRAG/CCDC91/LRRK2/RAB3IP/SCFD1/SNAP23/MYO5A/VPS35L/RAB34/RABEP1/CSNK1D/LMAN1/AP3D1/COPA/LYPLAL1/CNST/EPS15/VAMP3/KIF16B/ERGIC3/ATP9A/DOP1B/CCDC93/COMMD1/VPS54/RAB1A/TEX261/COPG1/ATP2C1/PRKCI/SCAP/SEC24B/AP1AR/HTT/EXOC1/GAK/TMED9/GOLPH3/SCAMP1/CUX1/COG5/EXOC4/INSIG1/VPS41/ASAP1/VPS13A/STX17,49
GO:0034504,BP,GO:0034504,protein localization to nucleus,49/1423,292/13600,0.167808219178082,1.60378902376804,3.56538166911965,0.000567712780731987,0.0440478328109112,0.039502615315639,TCF7L2/FAM53B/ZBTB16/NUP98/LRRK2/MDM2/CCT2/ING1/LATS2/NUP58/NFKBIA/PML/TSC2/HEATR3/NF1/TNPO2/LMNB2/TGFB1/TOR1AIP2/TOR1AIP1/IPO9/HNRNPU/NF2/EIF4ENIF1/EP300/RANGAP1/RANBP2/PIKFYVE/XPO1/CBLB/GSK3B/HCLS1/NMD3/TFRC/PPP3CA/PIK3R1/FYN/LATS1/SYNE1/NUP153/ILRUN/AKIRIN2/MEPCE/YWHAZ/ANGPT1/WRN/CDKN2A/JAK2/NOL8,49
GO:0032386,BP,GO:0032386,regulation of intracellular transport,48/1423,249/13600,0.192771084337349,1.84236595009694,4.58595050405233,2.0208936593637e-05,0.00666389684175181,0.00597626118344726,INPP5F/KIF20B/MYBPC3/NEAT1/NUMA1/MTMR2/LRRK2/OS9/MDM2/WNK1/PPP1R12A/NUP58/SCFD1/MAP2K1/USP7/SUPT6H/NF1/TGFB1/PTPN14/TRIM58/KHDRBS1/PLK3/ERGIC3/PTPN1/ATP9A/PCNT/MAPK1/NF2/EP300/RANGAP1/TTC21B/XPO1/GSK3B/HCLS1/SETD2/PTPN23/EDEM1/SEC24B/RUFY3/ICE1/PIK3R1/NUP153/UBE2J1/INSIG1/ANGPT1/ZDHHC2/CDKN2A/JAK2,48
GO:0016197,BP,GO:0016197,endosomal transport,48/1423,271/13600,0.177121771217712,1.69280118662044,3.93804131602234,0.000180049998327245,0.025614398063897,0.0229712939023217,GBF1/INPP5F/TBC1D10C/PICALM/MTMR2/ARL1/RAB35/VPS37B/LRRK2/RAB8B/MAP2K1/CLEC16A/VPS35L/USP7/SNF8/SPAG9/CLTC/EPG5/AP3D1/UBXN6/LYST/STX12/EPS15/ZFYVE9/VAMP3/KIF16B/AP5S1/ATP9A/MAPK1/NF2/CCDC93/PIKFYVE/ITSN2/VPS54/TBC1D23/RAB7A/PIK3R4/TBC1D5/DYNC1LI1/PTPN23/REPS1/SNX9/ZDHHC2/HOOK3/ABCA1/MVB12B/UBAP1/RAB9A,48
GO:0030111,BP,GO:0030111,regulation of Wnt signaling pathway,48/1423,279/13600,0.172043010752688,1.64426208449512,3.71690999524501,0.00036170501423346,0.034077779555281,0.0305613541161542,TCF7L2/FAM53B/CCNY/CTNND1/LRRK2/WNK1/LATS2/FOXO1/LRRK1/USP8/CSNK1G1/TSC2/WWOX/NLK/NLE1/AXIN2/CSNK1D/TGFB1/SKI/RNF220/CTNNBIP1/GID8/PRDM15/CBY1/ZEB2/TTC21B/CCNYL1/PPM1B/USP34/GSK3B/NPHP3/PPP2R3A/IFT80/TBL1XR1/TMEM131L/APC/LATS1/ANKRD6/GRB10/CDK14/JRK/CCAR2/TMEM64/MLLT3/KANK1/GNAQ/SPIN4/TBL1X,48
GO:0002263,BP,GO:0002263,cell activation involved in immune response,48/1423,281/13600,0.170818505338078,1.63255915150939,3.66272470397375,0.000427432846370814,0.0382554728275399,0.0343079586528454,GBF1/ASCL2/GAB2/SLC15A4/ITFG2/TBK1/CLEC4E/RASGRP1/SNAP23/FES/IL4R/ITGAL/PLCG2/SUPT6H/RARA/MALT1/SBNO2/JAK3/TGFB1/SPHK2/NKG7/STXBP3/NOTCH2/RC3H1/PTPRC/CD46/BCR/EP300/STAT4/HSPD1/MSH2/CD86/GATA2/PLCL2/OPA1/TFRC/FOXP1/NSD2/DOCK2/IL6ST/PIK3R1/MYB/IRF4/LYN/RIPK2/NBN/SHB/NR4A3,48
GO:0032869,BP,GO:0032869,cellular response to insulin stimulus,47/1423,216/13600,0.217592592592593,2.0795918898519,5.46738061838996,7.8170742823524e-07,0.00195526389441133,0.00175350369206714,ECHDC3/PTPRE/PDE3B/PIK3C2A/PTPRJ/HRAS/C2CD5/ATP2B1/FOXO1/SELENOS/MYO5A/IGF1R/TSC2/PRKCB/SREBF1/HDAC5/STXBP4/GRB2/LPIN2/INSR/WDTC1/BCAR3/PTPN1/MAPK1/LPIN1/CFLAR/NCOA1/GSK3B/PPARG/PRKCI/EPHB3/SMARCC1/GNAI2/APC/CSF1R/PIK3R1/GCLC/MET/INSIG1/GRB10/YWHAG/FGFR1/PRKDC/NCOA2/MAPKAP1/SLC27A4/KANK1,47
GO:0060070,BP,GO:0060070,canonical Wnt signaling pathway,47/1423,266/13600,0.176691729323308,1.68869115867673,3.87767033695122,0.000221762417671972,0.0278575837056506,0.0249830092089102,TCF7L2/FAM53B/CCNY/PTEN/BCL9L/CTNND1/LRRK2/RARG/WNK1/LATS2/FOXO1/LRRK1/USP8/CSNK1G1/SIAH1/NLE1/AXIN2/CSNK1D/TGFB1/RNF220/CTNNBIP1/GID8/PRDM15/CBY1/ZEB2/TTC21B/CCNYL1/PPM1B/USP34/GSK3B/NPHP3/PPP2R3A/TBL1XR1/DVL3/TMEM131L/APC/LATS1/ANKRD6/CDK14/JRK/CCAR2/TMEM64/MLLT3/KANK1/GNAQ/SPIN4/TBL1X,47
GO:0002366,BP,GO:0002366,leukocyte activation involved in immune response,47/1423,278/13600,0.169064748201439,1.61579801513673,3.54618796808241,0.000616373863023999,0.0447282020853766,0.0401127784952252,ASCL2/GAB2/SLC15A4/ITFG2/TBK1/CLEC4E/RASGRP1/SNAP23/FES/IL4R/ITGAL/PLCG2/SUPT6H/RARA/MALT1/SBNO2/JAK3/TGFB1/SPHK2/NKG7/STXBP3/NOTCH2/RC3H1/PTPRC/CD46/BCR/EP300/STAT4/HSPD1/MSH2/CD86/GATA2/PLCL2/OPA1/TFRC/FOXP1/NSD2/DOCK2/IL6ST/PIK3R1/MYB/IRF4/LYN/RIPK2/NBN/SHB/NR4A3,47
GO:1903311,BP,GO:1903311,regulation of mRNA metabolic process,46/1423,269/13600,0.171003717472119,1.63432927450514,3.59207432626193,0.000544020910411174,0.0428396167661097,0.0384190729347718,CPEB3/NUP98/CLNS1A/CNOT2/ARGLU1/PAN3/IREB2/TNRC6A/KAT8/FTO/CNOT1/SUPT6H/CASC3/DDX5/AXIN2/SRSF2/HNRNPL/CNOT3/KHSRP/PTBP1/RC3H1/HNRNPU/PUM1/KHDRBS1/THRAP3/PABPC4/TUT4/RBM39/DYRK1A/EIF4ENIF1/PUM2/GIGYF2/PNPT1/ARID5A/DHX36/DCP1A/DCP2/HNRNPA0/QKI/SRPK1/TENT5A/ZC3HAV1/TRA2A/KHDRBS3/AGO2/UPF3B,46
GO:0048545,BP,GO:0048545,response to steroid hormone,46/1423,272/13600,0.169117647058824,1.61630358397751,3.50980054586362,0.000695674901338273,0.044734803572446,0.0401186987865897,ZMIZ1/FOSL1/MDM2/CNOT2/NR2C1/STRN3/UBE3A/USP8/IGF1R/CNOT1/SREBF1/NR1D1/DDX5/AXIN2/PER1/PIAS2/BCL2/JUND/TGFB1/PTPRC/HNRNPU/SMYD3/JUN/AGL/PMEPA1/COMT/MAPK1/EP300/PPARA/TFPI/CFLAR/IDH1/NCOA1/CAD/VPS54/FOXP1/CD38/SH3RF1/LATS1/NCOA2/RXRA/DNAJA1/JAK2/KDM4C/NR4A3/TBL1X,46
GO:0071559,BP,GO:0071559,response to transforming growth factor beta,43/1423,238/13600,0.180672268907563,1.72673426362815,3.86646573047288,0.000245441479084094,0.0282004862350802,0.0252905282364402,ZEB1/TET1/ZMIZ1/BCL9L/LRRC32/CHST11/PXN/USP15/APAF1/ING1/LATS2/SPRED1/PML/IGF1R/WWOX/NLK/SMAD2/NFATC1/TGFB1/SKI/ARID4B/SELENON/PRDM16/ZFYVE9/JUN/PMEPA1/CRKL/EP300/PPARA/TGFBRAP1/ZEB2/CFLAR/STK16/FNDC4/SPRED2/ADAM17/PPARG/SAP30L/MEF2C/FYN/LATS1/CD109/HIPK2,43
GO:0060828,BP,GO:0060828,regulation of canonical Wnt signaling pathway,42/1423,218/13600,0.192660550458716,1.84130954760262,4.28064621050452,6.60230436566353e-05,0.0159750635651822,0.0143266251796604,TCF7L2/FAM53B/CCNY/CTNND1/LRRK2/WNK1/LATS2/FOXO1/LRRK1/USP8/CSNK1G1/NLE1/AXIN2/CSNK1D/TGFB1/RNF220/CTNNBIP1/GID8/PRDM15/CBY1/ZEB2/TTC21B/CCNYL1/PPM1B/USP34/GSK3B/NPHP3/PPP2R3A/TBL1XR1/TMEM131L/APC/LATS1/ANKRD6/CDK14/JRK/CCAR2/TMEM64/MLLT3/KANK1/GNAQ/SPIN4/TBL1X,42
GO:0031669,BP,GO:0031669,cellular response to nutrient levels,42/1423,219/13600,0.191780821917808,1.83290174144919,4.2477341310777,7.36083754699737e-05,0.0159750635651822,0.0143266251796604,YME1L1/MCU/ITFG2/LRRK2/MDM2/FOXO1/STK24/PRKCH/ATXN3/FES/IGF1R/CLEC16A/TSC2/TNRC6A/MAP1LC3B/SREBF1/BCL2/PAK4/IFI16/XPR1/SLC2A1/NCOA3/COMT/MAPK1/GAS2L1/MTMR3/EP300/SREBF2/PPARA/NCOA1/MAT2A/PIK3R4/PLD1/RICTOR/SRF/PRKAG2/VPS41/YWHAG/YWHAZ/WRN/MAPKAP1/RXRA,42
GO:0071560,BP,GO:0071560,cellular response to transforming growth factor beta stimulus,42/1423,231/13600,0.181818181818182,1.73768606656871,3.86557312107125,0.000250558554569908,0.0282004862350802,0.0252905282364402,ZEB1/TET1/ZMIZ1/BCL9L/LRRC32/CHST11/PXN/USP15/APAF1/ING1/LATS2/SPRED1/PML/IGF1R/WWOX/NLK/SMAD2/NFATC1/TGFB1/SKI/ARID4B/SELENON/PRDM16/ZFYVE9/JUN/PMEPA1/CRKL/EP300/PPARA/TGFBRAP1/ZEB2/CFLAR/STK16/SPRED2/ADAM17/PPARG/SAP30L/MEF2C/FYN/LATS1/CD109/HIPK2,42
GO:0006402,BP,GO:0006402,mRNA catabolic process,41/1423,234/13600,0.175213675213675,1.67456499150104,3.55808880024466,0.000646577837924403,0.044734803572446,0.0401186987865897,CPEB3/CNOT2/PAN3/IREB2/TNRC6A/FTO/CNOT1/CASC3/ERN1/DDX5/AXIN2/CNOT3/KHSRP/RC3H1/HNRNPU/PUM1/AGO4/AGO1/THRAP3/PABPC4/TUT4/EIF4ENIF1/PUM2/GIGYF2/PNPT1/ARID5A/DHX36/DCP1A/EXOSC9/DCP2/HNRNPA0/HBS1L/QKI/TENT5A/SND1/ZC3HAV1/LSM5/ZHX2/AGO2/ZCCHC7/UPF3B,41
GO:0002573,BP,GO:0002573,myeloid leukocyte differentiation,39/1423,219/13600,0.178082191780822,1.70198018848853,3.58004438890347,0.000625911681191951,0.0447282020853766,0.0401127784952252,UBASH3B/IRF7/GAB2/LRRK1/IREB2/FES/CBFA2T3/NF1/RARA/SBNO2/TGFB1/FSTL3/NOTCH2/IFI16/GPR137B/PRDM16/CTNNBIP1/ZBTB46/RUNX1/CFLAR/VPS54/HCLS1/PPARG/GATA2/IFT80/TFRC/FOXP1/PPP3CA/CSF1R/PIK3R1/AP3B1/QKI/IRF4/CD109/CDK6/LYN/TMEM64/VPS13A/TFE3,39
GO:0045619,BP,GO:0045619,regulation of lymphocyte differentiation,38/1423,208/13600,0.182692307692308,1.74604032650414,3.70644051561475,0.000438271647962351,0.0384631923430221,0.0344942439611118,ZEB1/IL15RA/ZMIZ1/ZBTB16/ASCL2/RNF41/MIR17HG/RASGRP1/IL4R/IKZF3/RARA/STAT5B/MALT1/JAK3/AP3D1/TGFB1/RC3H1/PTPRC/CD46/DUSP10/ARID1A/RUNX1/EP300/CD86/OPA1/SMARCC1/TMEM131L/SH3RF1/AP3B1/PRDM1/CD83/ARID1B/IRF4/PRKDC/RIPK2/SMARCA2/CDKN2A/SHB,38
GO:0045444,BP,GO:0045444,fat cell differentiation,37/1423,203/13600,0.182266009852217,1.741966081511,3.64094464693888,0.000542263165189565,0.0428396167661097,0.0384190729347718,TCF7L2/CTBP2/NOC3L/ZBTB16/NR4A1/FOXO1/WDFY2/JDP2/PIAS1/FTO/NUDT7/SREBF1/NR1D1/AXIN2/METRNL/SIRT2/TGFB1/DUSP10/HNRNPU/PRDM16/NEGR1/CBY1/EP300/PPARG/OSBPL11/GATA2/TBL1XR1/TRIO/RREB1/INSIG1/BBS9/STEAP4/FABP4/TMEM64/NR4A3/TFE3/TBL1X,37
GO:0043087,BP,GO:0043087,regulation of GTPase activity,36/1423,157/13600,0.229299363057325,2.19147669541786,5.13302125991324,4.26083386282123e-06,0.00236248381822702,0.00211870331649385,USP6NL/HRAS/FGD4/LRRK2/TBC1D15/WNK1/SIPA1L1/RASGRP1/ABR/NF1/GMIP/RAP1A/RCC2/SRGAP2/RAB3GAP2/GPR137B/BCAR3/RALGAPA2/BCR/RANGAP1/PKP4/GSK3B/DVL3/EPHB3/RAPGEF6/F2R/SNX9/RIPOR2/MET/ARFGEF1/RABGAP1/SLC27A4/RAPGEF1/VAV2/DOCK8/FGD3,36
GO:0045637,BP,GO:0045637,regulation of myeloid cell differentiation,36/1423,183/13600,0.19672131147541,1.88011935071369,4.09755874500961,0.000138154577097201,0.022778235898901,0.0204277902648657,ZBTB16/UBASH3B/IRF7/RARG/RNF41/RCOR1/NFKBIA/FES/NF1/RARA/STAT5B/TGFB1/FSTL3/NOTCH2/GPR137B/PRDM16/MPL/CTNNBIP1/ZBTB46/RUNX1/MEIS1/HCLS1/GATA2/FOXP1/PPP3CA/HSPA9/FAXDC2/PIK3R1/MEF2C/MYB/QKI/CDK6/PRKDC/LYN/TMEM64/TFE3,36
GO:0071900,BP,GO:0071900,regulation of protein serine/threonine kinase activity,36/1423,189/13600,0.19047619047619,1.8204330221196,3.88265888632635,0.00026855340274307,0.0285294362583394,0.0255855344920865,CCNY/PTEN/PTPRJ/HRAS/UVRAG/TAOK3/CDKN1B/LRRK2/CCND2/CCNT1/LATS2/PRKCH/CALM1/RASGRP1/MAP2K1/KSR1/ERN1/CDC37/PIH1D1/INSR/DUSP10/PTPN1/CCNT2/CAB39/SLC8A1/ADAM17/MAP3K13/CDC25A/APC/PPP2CA/LATS1/CCND3/FGFR1/LYN/CDKN2A/DNAJA1,36
GO:0009755,BP,GO:0009755,hormone-mediated signaling pathway,34/1423,176/13600,0.193181818181818,1.84629144572925,3.86296788073089,0.000298799074926341,0.0297446022511581,0.0266753096682007,CTBP2/ZMIZ1/ADIPOR2/RARG/CNOT2/NR2C1/LATS2/STRN3/UBE3A/PML/CNOT1/THRA/NR1D1/RARA/DDX5/PER1/PIAS2/NR1H2/DHRS3/NCOA3/PMEPA1/CRKL/MAPK1/EP300/PPARA/NCOA1/PPARG/FOXP1/LATS1/RXRA/DNAJA1/JAK2/KDM4C/NR4A3,34
GO:0045580,BP,GO:0045580,regulation of T cell differentiation,33/1423,176/13600,0.1875,1.79198875614898,3.61509872555453,0.000633749885361661,0.0447282020853766,0.0401127784952252,ZEB1/ZMIZ1/ZBTB16/ASCL2/RASGRP1/IL4R/RARA/STAT5B/MALT1/JAK3/AP3D1/TGFB1/RC3H1/PTPRC/CD46/DUSP10/ARID1A/RUNX1/EP300/CD86/OPA1/SMARCC1/TMEM131L/SH3RF1/AP3B1/PRDM1/CD83/ARID1B/IRF4/RIPK2/SMARCA2/CDKN2A/SHB,33
GO:1902107,BP,GO:1902107,positive regulation of leukocyte differentiation,33/1423,177/13600,0.186440677966102,1.78186452588825,3.57914366522572,0.000702561309211617,0.044734803572446,0.0401186987865897,IL15RA/ZMIZ1/ZBTB16/RASGRP1/FES/IL4R/RARA/STAT5B/MALT1/AP3D1/TGFB1/NOTCH2/PTPRC/CD46/DUSP10/ARID1A/CTNNBIP1/ZBTB46/RUNX1/EP300/HCLS1/CD86/OPA1/SMARCC1/PPP3CA/AP3B1/CD83/ARID1B/PRKDC/RIPK2/TMEM64/SMARCA2/SHB,33
GO:1903708,BP,GO:1903708,positive regulation of hemopoiesis,33/1423,177/13600,0.186440677966102,1.78186452588825,3.57914366522572,0.000702561309211617,0.044734803572446,0.0401186987865897,IL15RA/ZMIZ1/ZBTB16/RASGRP1/FES/IL4R/RARA/STAT5B/MALT1/AP3D1/TGFB1/NOTCH2/PTPRC/CD46/DUSP10/ARID1A/CTNNBIP1/ZBTB46/RUNX1/EP300/HCLS1/CD86/OPA1/SMARCC1/PPP3CA/AP3B1/CD83/ARID1B/PRKDC/RIPK2/TMEM64/SMARCA2/SHB,33
GO:0051168,BP,GO:0051168,nuclear export,32/1423,163/13600,0.196319018404908,1.8762745258656,3.84741128106339,0.0003292788701885,0.0315868239839005,0.0283274358181303,NUP98/NUP160/NEAT1/CDKN1B/SARNP/MDM2/WNK1/UBE2I/SUPT6H/CASC3/STRADA/THOC1/MALT1/TGFB1/PTPN14/KHDRBS1/EIF4ENIF1/RANGAP1/POLDIP3/RANBP2/AGFG1/XPO1/GSK3B/NMD3/SETD2/HSPA9/ATXN1/NUP153/HNRNPA2B1/XPO7/CDKN2A/THOC2,32
GO:0141193,BP,GO:0141193,nuclear receptor-mediated signaling pathway,31/1423,152/13600,0.203947368421053,1.9491807523024,4.02279267428727,0.000200308001731813,0.0264206254284262,0.0236943280995921,CTBP2/ZMIZ1/RARG/CNOT2/NR2C1/STRN3/UBE3A/PML/CNOT1/THRA/RARA/DDX5/PER1/PIAS2/DHRS3/NCOA3/PMEPA1/CRKL/MAPK1/EP300/PPARA/NCOA1/PPARG/FOXP1/LATS1/NCOA2/RXRA/DNAJA1/JAK2/KDM4C/PDK3,31
GO:0009267,BP,GO:0009267,cellular response to starvation,31/1423,163/13600,0.190184049079755,1.8176409469323,3.58997198963328,0.000712229624731892,0.044734803572446,0.0401186987865897,YME1L1/MCU/ITFG2/LRRK2/FOXO1/STK24/PRKCH/ATXN3/IGF1R/CLEC16A/TSC2/TNRC6A/MAP1LC3B/SREBF1/BCL2/PAK4/IFI16/XPR1/SLC2A1/COMT/MAPK1/GAS2L1/MTMR3/SREBF2/PPARA/PIK3R4/PRKAG2/VPS41/YWHAG/YWHAZ/WRN,31
GO:0098727,BP,GO:0098727,maintenance of cell number,31/1423,163/13600,0.190184049079755,1.8176409469323,3.58997198963328,0.000712229624731892,0.044734803572446,0.0401186987865897,SMC3/YME1L1/TET1/DDX6/BCL9L/ASCL2/KDM2B/BCL7A/CNOT2/ING1/FOXO1/ZC3H13/CNOT1/CNOT3/SKI/ARID4B/SELENON/ARID1A/TUT4/NCOA3/EIF4ENIF1/WDR43/GATA2/SMARCC1/SAP30L/BICRAL/BCL7B/ZHX2/HOOK3/SMARCA2/KDM4C,31
GO:0031047,BP,GO:0031047,regulatory ncRNA-mediated gene silencing,30/1423,138/13600,0.217391304347826,2.07766812307128,4.34966260448887,7.56968516166706e-05,0.0159750635651822,0.0143266251796604,ZSWIM8/DDX6/NEAT1/CNOT2/MIR17HG/DICER1/TNRC6A/CNOT1/DDX5/HELZ/SMAD2/TGFB1/CNOT3/SPEN/HNRNPU/PUM1/AGO4/AGO1/TUT4/ZNFX1/MIR155HG/EIF4ENIF1/PUM2/DNMT3A/PUS10/SND1/HNRNPA2B1/AGO2/ERI1/XIST,30
GO:0007584,BP,GO:0007584,response to nutrient,29/1423,130/13600,0.223076923076923,2.13200713552084,4.43325616424246,6.06139210541791e-05,0.0159750635651822,0.0143266251796604,MDM2/APAF1/FES/IGF1R/PRKCB/NOD2/SREBF1/RARA/SRSF2/TGFB1/MTHFR/AGL/NCOA3/PPARA/KYNU/NCOA1/DNMT3A/MAT2A/PPARG/PLD1/TFRC/SCAP/GNAI2/ARSB/SRF/GCLC/ABCA1/SLC27A4/RXRA,29
GO:0010586,BP,GO:0010586,miRNA metabolic process,28/1423,103/13600,0.271844660194175,2.59809373059788,5.56529282294966,1.48238354390548e-06,0.00195526389441133,0.00175350369206714,ZSWIM8/HRAS/NEAT1/FOSL1/DICER1/SREBF1/RARA/DDX5/TGFB1/NR1H2/KHSRP/NOTCH2/POU2F1/RC3H1/AGO4/TUT4/JUN/SREBF2/PPARA/PNPT1/PPARG/GATA2/MYB/QKI/SRF/SND1/AGO2/XIST,28
GO:0006892,BP,GO:0006892,post-Golgi vesicle-mediated transport,28/1423,107/13600,0.261682242990654,2.50096873132319,5.32837838088153,3.36392130235219e-06,0.00236248381822702,0.00211870331649385,GBF1/CCDC91/RAB3IP/SCFD1/SNAP23/MYO5A/VPS35L/RAB34/RABEP1/AP3D1/LYPLAL1/CNST/EPS15/VAMP3/KIF16B/DOP1B/CCDC93/COMMD1/VPS54/ATP2C1/AP1AR/EXOC1/GAK/GOLPH3/SCAMP1/EXOC4/ASAP1/VPS13A,28
GO:0006997,BP,GO:0006997,nucleus organization,28/1423,139/13600,0.201438848920863,1.92520614569483,3.74794346137529,0.000491925519640877,0.0405531100253948,0.0363685067563445,NUP98/NEAT1/BANF1/NUMA1/BAZ2A/EMG1/USPL1/PML/UBE2I/PRKCB/LMNB2/SIRT2/TOR1AIP1/AHCTF1/SELENOF/POLR1B/LPIN1/AGFG1/PSME4/RTN4/CFAP44/ATXN7/SYNE1/NUP153/SRPK1/HIPK2/PLEC/CDKN2A,28
GO:0008286,BP,GO:0008286,insulin receptor signaling pathway,28/1423,144/13600,0.194444444444444,1.85835871008042,3.5397929436133,0.00088252704025878,0.0490127648884771,0.043955224886019,PTPRE/PIK3C2A/PTPRJ/HRAS/C2CD5/FOXO1/IGF1R/TSC2/PRKCB/SREBF1/STXBP4/GRB2/INSR/BCAR3/PTPN1/MAPK1/GSK3B/EPHB3/SMARCC1/GNAI2/APC/CSF1R/PIK3R1/MET/GRB10/FGFR1/SLC27A4/KANK1,28
GO:1903313,BP,GO:1903313,positive regulation of mRNA metabolic process,27/1423,123/13600,0.219512195121951,2.0979380559793,4.18137929118136,0.000142984775823915,0.0228602326438477,0.0205013259115948,CPEB3/NUP98/CLNS1A/CNOT2/PAN3/TNRC6A/FTO/CNOT1/CNOT3/KHSRP/RC3H1/HNRNPU/PUM1/THRAP3/TUT4/EIF4ENIF1/PUM2/GIGYF2/PNPT1/DHX36/DCP1A/DCP2/QKI/ZC3HAV1/TRA2A/AGO2/UPF3B,27
GO:0031623,BP,GO:0031623,receptor internalization,26/1423,122/13600,0.213114754098361,2.03679596327316,3.93229662783985,0.000309723240051728,0.0302611076761651,0.027138517817398,ATAD1/AP2A2/GRK2/PICALM/MTMR2/CD63/MDM2/NUMB/RIN3/PLCG2/AP2B1/RABEP1/CLTC/GRB2/INSR/DNM3/RNF220/EPS15/MX1/WDR54/CBLB/TBC1D5/TFRC/SYNE1/LMBRD1/ANGPT1,26
GO:0030177,BP,GO:0030177,positive regulation of Wnt signaling pathway,26/1423,125/13600,0.208,1.9879128601546,3.79310654991475,0.000461143180123519,0.0392417970698659,0.0351925058515317,FAM53B/LRRK2/WNK1/LRRK1/USP8/CSNK1G1/NLE1/CSNK1D/TGFB1/SKI/RNF220/GID8/PRDM15/ZEB2/TTC21B/PPM1B/USP34/PPP2R3A/TBL1XR1/ANKRD6/JRK/CCAR2/MLLT3/KANK1/SPIN4/TBL1X,26
GO:0045621,BP,GO:0045621,positive regulation of lymphocyte differentiation,26/1423,129/13600,0.201550387596899,1.9262721513126,3.6134273552012,0.000761935496751809,0.0462008042784757,0.0414334254881585,IL15RA/ZMIZ1/ZBTB16/RASGRP1/IL4R/RARA/STAT5B/MALT1/AP3D1/TGFB1/PTPRC/CD46/DUSP10/ARID1A/RUNX1/EP300/CD86/OPA1/SMARCC1/AP3B1/CD83/ARID1B/PRKDC/RIPK2/SMARCA2/SHB,26
GO:0046632,BP,GO:0046632,alpha-beta T cell differentiation,26/1423,130/13600,0.2,1.91145467322558,3.56951111146995,0.000859666518975766,0.0487698984313564,0.0437374193864863,ZBTB16/ASCL2/TBK1/IL4R/RARA/MALT1/BCL2/JAK3/AP3D1/RC3H1/RUNX1/EP300/STAT4/CD86/OPA1/FOXP1/SH3RF1/IL6ST/PIK3R1/AP3B1/PRDM1/MYB/CD83/IRF4/RIPK2/SHB,26
GO:0045582,BP,GO:0045582,positive regulation of T cell differentiation,24/1423,114/13600,0.210526315789474,2.01205755076377,3.70938440113339,0.000624966403181196,0.0447282020853766,0.0401127784952252,ZMIZ1/ZBTB16/RASGRP1/IL4R/RARA/STAT5B/MALT1/AP3D1/TGFB1/PTPRC/CD46/DUSP10/ARID1A/RUNX1/EP300/CD86/OPA1/SMARCC1/AP3B1/CD83/ARID1B/RIPK2/SMARCA2/SHB,24
GO:0090263,BP,GO:0090263,positive regulation of canonical Wnt signaling pathway,23/1423,93/13600,0.247311827956989,2.36362674646174,4.51069351344989,6.47039010645241e-05,0.0159750635651822,0.0143266251796604,FAM53B/LRRK2/WNK1/LRRK1/USP8/CSNK1G1/NLE1/CSNK1D/TGFB1/RNF220/GID8/PRDM15/ZEB2/TTC21B/PPM1B/USP34/PPP2R3A/TBL1XR1/JRK/CCAR2/KANK1/SPIN4/TBL1X,23
GO:0061014,BP,GO:0061014,positive regulation of mRNA catabolic process,22/1423,99/13600,0.222222222222222,2.1238385258062,3.83640394094206,0.000477121726261376,0.0399570512342067,0.0358339542112763,CPEB3/CNOT2/PAN3/TNRC6A/FTO/CNOT1/CNOT3/KHSRP/RC3H1/HNRNPU/PUM1/TUT4/EIF4ENIF1/PUM2/GIGYF2/PNPT1/DHX36/DCP1A/DCP2/QKI/ZC3HAV1/AGO2,22
GO:2000628,BP,GO:2000628,regulation of miRNA metabolic process,21/1423,85/13600,0.247058823529412,2.36120871398454,4.30340224794921,0.000134687832782266,0.022778235898901,0.0204277902648657,ZSWIM8/HRAS/NEAT1/FOSL1/SREBF1/RARA/TGFB1/NR1H2/NOTCH2/POU2F1/RC3H1/JUN/SREBF2/PPARA/PNPT1/PPARG/GATA2/MYB/QKI/SRF/XIST,21
GO:0043500,BP,GO:0043500,muscle adaptation,20/1423,83/13600,0.240963855421687,2.30295743762118,4.07019205764064,0.000276532502035276,0.0285294362583394,0.0255855344920865,INPP5F/CAMK2G/FOXO1/MIR17HG/MEF2A/NFATC1/CTDP1/TNNT1/ATP2B4/SELENON/PPARA/CFLAR/HDAC4/PPARG/FOXP1/PPP3CA/IL6ST/JARID2/GTF2IRD1/NR4A3,20
GO:0046637,BP,GO:0046637,regulation of alpha-beta T cell differentiation,19/1423,75/13600,0.253333333333333,2.42117591941907,4.21886490577003,0.000194621136603188,0.0263287465825236,0.023611930068322,ZBTB16/ASCL2/IL4R/RARA/MALT1/JAK3/AP3D1/RC3H1/RUNX1/EP300/CD86/OPA1/SH3RF1/AP3B1/PRDM1/CD83/IRF4/RIPK2/SHB,19
GO:0045638,BP,GO:0045638,negative regulation of myeloid cell differentiation,19/1423,77/13600,0.246753246753247,2.35828823320039,4.08588896982051,0.000281184739468092,0.0285294362583394,0.0255855344920865,ZBTB16/UBASH3B/NFKBIA/NF1/RARA/STAT5B/FSTL3/GPR137B/PRDM16/ZBTB46/RUNX1/MEIS1/GATA2/HSPA9/PIK3R1/MYB/QKI/CDK6/LYN,19
GO:0006470,BP,GO:0006470,protein dephosphorylation,19/1423,83/13600,0.228915662650602,2.18780956574012,3.71049193233173,0.000770597190391558,0.0462008042784757,0.0414334254881585,DUSP5/PTPRE/PTEN/PTPRJ/SSH1/PPP1R12A/CTDP1/PTPRS/PTPRC/PTPN14/DUSP10/PTPN1/MTMR3/PPM1B/PPP2R3A/PPP3CA/PPP2CA/PTPRN2/PTPN12,19
GO:0018107,BP,GO:0018107,peptidyl-threonine phosphorylation,18/1423,68/13600,0.264705882352941,2.52986647926915,4.32327413527825,0.000156339338478199,0.0235670385660279,0.0211351977882558,LRRK2/TBK1/WNK1/CALM1/SPRED1/NLK/S1PR2/SIRT2/DYRK1A/MAPK1/CAB39/CAD/SPRED2/GSK3B/HIPK2/PRKAG2/PRKDC/RIPK2,18
GO:0018210,BP,GO:0018210,peptidyl-threonine modification,18/1423,76/13600,0.236842105263158,2.26356474460924,3.776047936043,0.000684446663427162,0.044734803572446,0.0401186987865897,LRRK2/TBK1/WNK1/CALM1/SPRED1/NLK/S1PR2/SIRT2/DYRK1A/MAPK1/CAB39/CAD/SPRED2/GSK3B/HIPK2/PRKAG2/PRKDC/RIPK2,18
GO:2000630,BP,GO:2000630,positive regulation of miRNA metabolic process,17/1423,61/13600,0.278688524590164,2.66350241351105,4.45123827392628,0.000118952212509171,0.0218448295371265,0.0195907004447914,ZSWIM8/HRAS/NEAT1/FOSL1/SREBF1/TGFB1/NR1H2/NOTCH2/POU2F1/JUN/SREBF2/PNPT1/PPARG/GATA2/MYB/SRF/XIST,17
GO:2000036,BP,GO:2000036,regulation of stem cell population maintenance,17/1423,63/13600,0.26984126984127,2.5789467813361,4.29400293030115,0.000183352013815317,0.025614398063897,0.0229712939023217,TET1/KDM2B/BCL7A/CNOT2/ING1/ZC3H13/CNOT1/CNOT3/ARID4B/ARID1A/NCOA3/WDR43/SMARCC1/SAP30L/BICRAL/BCL7B/SMARCA2,17
GO:0043502,BP,GO:0043502,regulation of muscle adaptation,17/1423,65/13600,0.261538461538462,2.4995945726796,4.14273536860386,0.000276237278908064,0.0285294362583394,0.0255855344920865,CAMK2G/FOXO1/MIR17HG/MEF2A/CTDP1/TNNT1/ATP2B4/SELENON/PPARA/HDAC4/PPARG/FOXP1/PPP3CA/IL6ST/JARID2/GTF2IRD1/NR4A3,17
GO:0043370,BP,GO:0043370,regulation of CD4-positive, alpha-beta T cell differentiation,15/1423,58/13600,0.258620689655172,2.47170862917101,3.83954898132131,0.000706326673345076,0.044734803572446,0.0401186987865897,ASCL2/IL4R/RARA/MALT1/JAK3/RC3H1/RUNX1/EP300/CD86/OPA1/SH3RF1/CD83/IRF4/RIPK2/SHB,15
GO:0000079,BP,GO:0000079,regulation of cyclin-dependent protein serine/threonine kinase activity,14/1423,53/13600,0.264150943396226,2.52456277595831,3.80143409038277,0.000839256461395908,0.0481295335904871,0.0431631326541717,CCNY/PTEN/CDKN1B/CCND2/CCNT1/LATS2/CDC37/CCNT2/ADAM17/CDC25A/APC/LATS1/CCND3/CDKN2A,14
GO:0045912,BP,GO:0045912,negative regulation of carbohydrate metabolic process,13/1423,46/13600,0.282608695652174,2.70096855999267,3.95027422868142,0.0006358254655806,0.0447282020853766,0.0401127784952252,TCF7L2/SELENOS/CBFA2T3/USP7/GIT1/CLTC/TGFB1/EP300/PPARA/HDAC4/GSK3B/PPP2CA/GRB10,13
GO:0048384,BP,GO:0048384,retinoic acid receptor signaling pathway,12/1423,28/13600,0.428571428571429,4.0959742997691,5.60583384103565,1.00981863464054e-05,0.00409831008951036,0.0036754127633273,CTBP2/RARG/NR2C1/PML/CNOT1/THRA/RARA/DHRS3/NCOA3/CRKL/PPARG/RXRA,12
GO:0033032,BP,GO:0033032,regulation of myeloid cell apoptotic process,11/1423,29/13600,0.379310344827586,3.62517265611748,4.83767545607625,9.18138138685027e-05,0.0186311416142392,0.016708627260685,IRF7/SELENOS/NOD2/NF1/THRA/STAT5B/BCL2/FCAR/ADAM17/MEF2C/CDKN2A,11
GO:0014888,BP,GO:0014888,striated muscle adaptation,11/1423,31/13600,0.354838709677419,3.39129054927119,4.55643371841325,0.000184485808648235,0.025614398063897,0.0229712939023217,INPP5F/CAMK2G/FOXO1/NFATC1/TNNT1/ATP2B4/CFLAR/HDAC4/PPARG/PPP3CA/GTF2IRD1,11
GO:0033028,BP,GO:0033028,myeloid cell apoptotic process,11/1423,36/13600,0.305555555555556,2.92027797298352,3.94373063445964,0.000800885995412793,0.0474772417055943,0.0425781496082851,IRF7/SELENOS/NOD2/NF1/THRA/STAT5B/BCL2/FCAR/ADAM17/MEF2C/CDKN2A,11
GO:2000114,BP,GO:2000114,regulation of establishment of cell polarity,9/1423,21/13600,0.428571428571429,4.0959742997691,4.85354302657949,0.000133681742507761,0.022778235898901,0.0204277902648657,KIF20B/ABL2/RUFY3/RICTOR/RIPOR2/KRIT1/ARFGEF1/DOCK8/KANK1,9
GO:0032878,BP,GO:0032878,regulation of establishment or maintenance of cell polarity,9/1423,24/13600,0.375,3.58397751229796,4.3310601960855,0.000444703323147147,0.0384631923430221,0.0344942439611118,KIF20B/ABL2/RUFY3/RICTOR/RIPOR2/KRIT1/ARFGEF1/DOCK8/KANK1,9
GO:0007549,BP,GO:0007549,sex-chromosome dosage compensation,8/1423,21/13600,0.380952380952381,3.6408660442392,4.14007214921121,0.000821154003114804,0.0476088848399308,0.0426962087218166,KAT8/SMCHD1/LRIF1/SPEN/HNRNPU/JARID2/CDYL/XIST,8
GO:0009048,BP,GO:0009048,dosage compensation by inactivation of X chromosome,8/1423,21/13600,0.380952380952381,3.6408660442392,4.14007214921121,0.000821154003114804,0.0476088848399308,0.0426962087218166,KAT8/SMCHD1/LRIF1/SPEN/HNRNPU/JARID2/CDYL/XIST,8
